url_path,views_total,views_unique
/RTSpatial/RTSpatial,11,7
/RTSpatial/RTSpatial/commits,3,1
/RTSpatial/RTSpatial/tree/github-repo-stats,3,1
/RTSpatial/RTSpatial/tree/github-repo-stats/.github/workflows,2,1
/RTSpatial/RTSpatial/blob/github-repo-stats/.github/workflows/ci.yml,1,1
/RTSpatial/RTSpatial/commits/github-repo-stats,1,1
/RTSpatial/RTSpatial/delete/github-repo-stats/.github/workflows/ci.yml,1,1
/RTSpatial/RTSpatial/tree/7c54c181b1058c87768767998c00e225cc58666e,1,1
/RTSpatial/RTSpatial/tree/main,1,1
/rtspatial/rtspatial/blob/main/src/shaders/shaders_contains_point_query_2d.cu,1,1
